Jane,Brown,jbrown@example.com
Robin,Williams,rwilliams@edu.edu
Sam,Brown,sbrown@example.com
Jordan,Robinson,jrobinson@company.com
Jamie,Robinson,jrobinson@company.com
Riley,Moore,rmoore@gmail.com
Sam,Williams,swilliams@gov.org
Leslie,Taylor,ltaylor@outlook.com
Alexis,Taylor,ataylor@outlook.com
Casey,White,cwhite@icloud.com
Jordan,Smith,jsmith@edu.edu
Taylor,White,twhite@biz.org
Leslie,Anderson,landerson@outlook.com
Taylor,Harris,tharris@edu.edu
John,Brown,jbrown@hotmail.com
Quinn,Wilson,qwilson@gmail.com
Sam,Smith,ssmith@yahoo.com
Sam,Garcia,sgarcia@gmail.com
Alex,Brown,abrown@icloud.com
Jordan,Garcia,jgarcia@hotmail.com
Jordan,Jackson,jjackson@gov.org
Alex,Martin,amartin@hotmail.com
Sam,Wilson,swilson@edu.edu
Logan,Brown,lbrown@example.com
Jamie,Thomas,jthomas@company.com
Quinn,Johnson,qjohnson@example.com
Riley,Davis,rdavis@yahoo.com
Drew,Brown,dbrown@hotmail.com
Jordan,Johnson,jjohnson@company.com
Taylor,Smith,tsmith@icloud.com
Quinn,Moore,qmoore@biz.org
Taylor,Jackson,tjackson@outlook.com
Taylor,Johnson,tjohnson@edu.edu
Sam,Thompson,sthompson@biz.org
Taylor,Taylor,ttaylor@company.com
Logan,Martin,lmartin@outlook.com
Casey,Taylor,ctaylor@example.com
Jordan,Harris,jharris@gmail.com
Reese,Thompson,rthompson@gmail.com
Jane,Moore,jmoore@gov.org
Cameron,Brown,cbrown@yahoo.com
Alex,Anderson,aanderson@gmail.com
Parker,Miller,pmiller@edu.edu
Alex,Jones,ajones@company.com
John,Taylor,jtaylor@outlook.com
Morgan,Robinson,mrobinson@biz.org
Jordan,Davis,jdavis@example.com
Reese,Smith,rsmith@edu.edu
Logan,White,lwhite@biz.org
Drew,Moore,dmoore@biz.org
Logan,Thompson,lthompson@yahoo.com
Cameron,Martin,cmartin@icloud.com
Morgan,Martinez,mmartinez@example.com
Alexis,Martin,amartin@icloud.com
Casey,Martinez,cmartinez@gov.org
Riley,Johnson,rjohnson@icloud.com
Quinn,Anderson,qanderson@gmail.com
Robin,Martin,rmartin@edu.edu
Alexis,Thompson,athompson@outlook.com
Parker,Garcia,pgarcia@edu.edu
Leslie,Martinez,lmartinez@example.com
Taylor,Moore,tmoore@yahoo.com
Logan,Johnson,ljohnson@company.com
Robin,Jackson,rjackson@yahoo.com
Alexis,Harris,aharris@outlook.com
Jamie,Williams,jwilliams@gmail.com
Alexis,Smith,asmith@yahoo.com
Logan,Smith,lsmith@yahoo.com
Leslie,Harris,lharris@hotmail.com
Sam,Harris,sharris@example.com
Jamie,Moore,jmoore@outlook.com
Jordan,Johnson,jjohnson@gmail.com
Reese,Martinez,rmartinez@outlook.com
Leslie,Johnson,ljohnson@edu.edu
Jamie,Martinez,jmartinez@gov.org
Alex,Smith,asmith@icloud.com
Leslie,Brown,lbrown@gov.org
Reese,Anderson,randerson@edu.edu
Robin,Jackson,rjackson@gov.org
Cameron,Anderson,canderson@company.com
Jordan,Thompson,jthompson@gmail.com
Alex,Martinez,amartinez@example.com
Drew,Moore,dmoore@outlook.com
Reese,Jones,rjones@biz.org
Reese,Williams,rwilliams@outlook.com
Logan,Wilson,lwilson@edu.edu
Alex,Thomas,athomas@icloud.com
John,Williams,jwilliams@outlook.com
Cameron,Brown,cbrown@example.com
Parker,Martinez,pmartinez@biz.org
Robin,White,rwhite@yahoo.com
Casey,Thomas,cthomas@hotmail.com
Logan,Brown,lbrown@biz.org
Sam,Harris,sharris@company.com
Leslie,Smith,lsmith@gmail.com
Casey,Robinson,crobinson@company.com
John,White,jwhite@company.com
Chris,Anderson,canderson@gov.org
Casey,Thomas,cthomas@hotmail.com
Sam,Smith,ssmith@icloud.com